271922681	Invitación Página Web | Eucalipto
273288000	Invitación Página Web | Burdeos
273291488	Invitación Página Web | Flores Eternas
273292156	Invitación Página Web | Vintage
273293498	Invitación Página Web | Minimal
273297770	Invitación Página Web | Latitud
273360316	Invitación Página Web | Pili
273362765	Invitación Página Web | Anita
273473753	Invitación Página Web | Boho Nude
273577163	Invitación Página Web | Abril
273602974	Invitación Página Web | Cande
273605618	Invitación Página Web | Valen
273614553	Invitación Página Web | Sara
274027742	Invitación Página Web | Cielo
274592158	Invitación Página Web | Cata
275682319	Invitación Página Web | Black & Gold
276004752	Invitación Digital Interactiva | Fiesta en el Bosque
276875303	Invitación Página Web | Encanto Azul
277716487	Invitación Página Web | Cami
277718030	Invitación Página Web | Arabescos Dorados
277721671	Invitación Página Web | Agus
278351540	Invitación Página Web | Botánica
278359210	Invitación Página Web |Crónica de un sí anunciado
279275539	Invitación Página Web | Bruma de Oro
279844967	Invitación Página Web | Rosas Blancas
281395051	Invitación Página Web | Hojas de Oro
281852578	Invitación Página Web | Lirios
282014778	Invitación Página Web | Postal de Amor
282862036	Invitación Página Web | Azul Flor
284224645	Números de Mesa Personalizados – Versión Digital Imprimible
285975815	Cartel de Bienvenida Personalizada – Versión Digital Imprimible
285984135	Menú Personalizado – Versión Digital Imprimible
285985768	Tarjetas de Agradecimiento Personalizadas – Versión Digital Imprimible
287163740	Invitación Página Web | Rosa Pampa
288274765	Invitación Digital Infantil
288964941	Invitación Página Web | Greenery
289254526	Invitación Digital Comunión
289780705	Invitación Digital Bautismo
290659951	Invitación Página Web | Rústica
291121305	Invitación Página Web | Julieta
295384439	Invitación Página Web | Pasaporte XV
295386584	Invitación Página Web | Pasaporte Boda
297453580	Invitación Página Web | B&N
299322051	Tarjetas QR – Versión Digital Imprimible
301764551	Invitación Web- Por el Mundo | París
301766714	Invitación Web- Por el Mundo | Londrés
301767000	Invitación Web- Por el Mundo | Tokio
301920202	Invitación Web- Por el Mundo | Nueva York
301922914	Invitación Web- Por el Mundo | México
303378712	Invitación Página Web | Bajo el Mar
303393153	Invitación Página Web | Delfi
304272697	Invitación Página Web | Monograma
304596847	Invitación Página Web | Terracota
305537676	Invitación Página Web | Lucía
306077273	Invitación Página Web | Lila
308042901	Invitación Página Web | EcoPapel Oliva
308378113	Invitación Página Web | EcoPapel Celeste
308791161	Invitación Página Web | Juana
308794718	Invitación Página Web | Isa
309770057	Invitación Página Web | Esencia
310821372	Invitación Página Web | Emma
310898651	Invitación Página Web | Agos
311032436	Invitación Página Web | Zoe
312422236	Monograma Personalizado
312989569	Invitación Página Web | Herbario
317326482	Kit de Baño- Versión digital imprimible
317341485	Cartel "Buscá tu mesa" — Seating Plan Imprimible
319544406	Invitación Página Web | Ámbar
319548199	Invitación Página Web | Renata
319551135	Invitación Página Web | Mili
320261887	Toppers circulares para Candy Bar
323434629	Invitación Página Web | Gipsofilia
325819687	Invitación Página Web | Harry Potter XV
328236851	Invitación Página Web | Azul Rosas Acuarela
331125148	Invitación Página Web | Nude
332849956	Invitación Página Web | Azul Noche
333237580	Invitación Editable - Greenery
334945694	Invitación Editable - Eucalipto
334947510	Invitación Editable - Magnolia
334960959	Invitación Editable - Lirios
336170676	Invitación Página Web | Sakura
336582253	Invitación Digital Interactiva - Gold & Blue
336602374	Invitación Digital Interactiva - Retro
336610747	Invitación Digital Interactiva - Greenery
337037814	Invitación Digital Interactiva | Cumple Marino
337134760	Invitación Página Web | Catalina
337999332	Invitación Digital Interactiva - Joaquín 18
338420070	Invitación Digital Interactiva - Floral Lila
339022399	Invitación Página Web | Borgoña
348270688	Invitación Página Web | Chibi Love
348435159	Invitación Digital Interactiva | Oso Perezoso
348897784	Invitación Inteligente- Pasaporte
349016051	Invitación Inteligente- Pili
349016773	Invitación Inteligente- Greenery
349068022	Invitación Página Web | Tucumán
349459484	Invitación Digital Interactiva - Mundial
351555211	Invitación Página Web | Vendimia
351560418	Invitación Página Web | Mariposa
351562413	Invitación Página Web | Hojarasca
351564695	Invitación Página Web | Felicitas
354509968	Invitación Página Web | Joaqui
354530440	Invitación Página Web | Male
354537297	Invitación Página Web | Bianca
357195312	Pases Individuales
357201942	Trivia Interactiva
368107581	Invitación Página Web | Black & White
369701903	Invitación Página Web | Olivia
369882539	Invitación Página Web | Black & Gold XV
369903978	Invitación Página Web | Eucalipto XV
370909612	Invitación Página Web | Salvia
371064332	Invitación Página Web | Rapunzel
371203489	Invitación Página Web | Magnolia
371894971	Invitación Página Web | Simplicity
372200563	Invitación Página Web | Estrella
